date,rtx4080_price,data_source
2026-09-11,1028.35,simulated
2026-09-12,1042.5,simulated
2026-09-13,1051.16,simulated
2026-09-14,1056.38,simulated
2026-09-15,1049.93,simulated
2026-09-16,1043.53,simulated
2026-09-17,1034.61,simulated
2026-09-18,1046.67,simulated
2026-09-19,1051.93,simulated
2026-09-20,1060.03,simulated
2026-09-21,1049.98,simulated
2026-09-22,1064.94,simulated
2026-09-23,1076.45,simulated
2026-09-24,1071.4,simulated
2026-09-25,1065.55,simulated
2026-09-26,1059.78,simulated
2026-09-27,1057.25,simulated
2026-09-28,1060.54,simulated
2026-09-29,1061.39,simulated
2026-09-30,1058.51,simulated
2026-10-01,1064.11,simulated
2026-10-02,1057.18,simulated
2026-10-03,1054.33,simulated
2026-10-04,1053.44,simulated
2026-10-05,1054.92,simulated
2026-10-06,1065.08,simulated
2026-10-07,1059.75,simulated
2026-10-08,1062.77,simulated
2026-10-09,1067.88,simulated
2026-10-10,1058.45,simulated
